{"cameraMode":{"drawMode":0,"name":"Shaded","section":"Shading Mode"},"sceneLighting":false,"audioPlay":false,"sceneViewState":{"showFog":true,"showMaterialUpdate":false,"showSkybox":true,"showFlares":true,"showImageEffects":true,"showParticleSystems":true},"in2DMode":false,"pivot":{"x":615.158935546875,"y":-649.0022583007813,"z":824.8577880859375},"rotation":{"x":-0.2573191523551941,"y":-0.3164331912994385,"z":0.08981616795063019,"w":-0.9087633490562439},"size":1249.1265869140625,"orthographic":false}